id,first_name,last_name,email,created_at
0f0f4a15-bb10-31f0-823e-b43f9f6df1c1,,Schmeler,,
11fb1eac-fbb3-34a8-9669-42ead18abcbe,,McLaughlin,jacobson.ramon@example.org,2024-11-19 15:04:41
1813d8ea-fb68-3913-8cfc-7509c45e4797,Skyla,,,2024-11-19 15:04:41
1eec5d93-b4fb-3180-9654-911023d5c46e,Orrin,Monahan,,
25d35441-d624-3a46-931f-7c05dad78cc0,Rex,Deckow,,
266c3025-b1bd-31aa-91ee-2a845cdc373e,Rosalind,,michel13@example.net,2024-11-19 15:04:41
2df80de1-65c9-3c17-a449-abb6b88ea225,Emely,,,2024-11-19 15:04:41
3f03dea8-1cdf-3968-9811-0881de5823b5,Eloy,"O'Connell",,2024-11-19 15:04:41
741e2915-6c1c-3057-9579-37a040b1f806,,Howe,damaris.green@example.com,
7a209a5c-a1a2-38b5-ac4e-9f2813ec6ca2,,Leffler,seamus.upton@example.net,2024-11-19 15:04:41
7d224af6-a62d-354a-b5a4-5dd5f4e5ae1b,,,rey56@example.net,
9c2e2535-c2f0-3fd7-9b3c-d14de6cf9835,,,melisa.krajcik@example.org,2024-11-19 15:04:41
a6d36034-1aad-3c68-9383-0b372fe51abd,Carroll,,,2024-11-19 15:04:41
e13e013f-a560-32db-91db-2065df79ccce,Della,Spencer,swift.hertha@example.com,2024-11-19 15:04:41
edebdbf7-c6bc-3867-9787-6ff20132120c,,,rhett56@example.com,2024-11-19 15:04:41